id,name
797709,Jimby
733592,ibuprofen
811264,Leaf
824609,tropli
499287,TheElementalGecko
802340,GYM | Schwell
812825,PieHat
15439,Hipot
153097,Magnet
773815,GYM | Bobert
877501,lilbigestjake
830262,Lissk
771108,GYM | PK
838600,Piem
824322,Mugen
877308,[BIG] | OmeGa 0oF
296273,DevilWolf
887385,JesusChomp
811575,Kirboo
804800,Hooky
886903,Mordthulu
877321,MattyJ
507766,Dartremix
835387,Catclops
798674,Jimray3
894779,Sypha
842360,Dochi
1030534,Pelupelu
329440,tstew14
804013,GYM | Arctic
875600,angie.kenna
405024,Djewel
548005,EoF | DarkThunder
851129,Wave
259655,Ohgrr
809195,Sho
11131,Not.Brian
849329,Wind
758559,karterfreak
824886,BillyGrass
897543,Dunehopper/Explode
419570,Pelupelu
897547,Waddle
884661,smokes
896216,ATCFR | Nacker
884065,tBuzz
896050,JamesAAAA
883855,Bazoo-Kazoo
879925,Dirty Dan
897565,ArThur
896870,Kurokinari
763918,GB | trash
228269,TheMEXFactor
879708,Aidan Fire
887007,Zinpars
888469,Nicholas
876362,RMGRich
810278,BlazingFire
877503,Stacked_Like_Pancakes
264601,SG | Darki
872551,Insert Name here | Yang738
734310,MWe | Sea Dragon
906275,michaelcarca6
904551,Cold_Prince01
830330,Meta
373115,blueJJ
419487,Dranebamage
594982,MWe | Flame
883559,meg!
374618,LAB | Mkbw50
910399,Joe | Joetuson99
862342,clinton
595767,Mr. Poop
913266,Sasquash
700479,Mr.M
877253,Behnomnom
816533,Wiz Cannon
898077,Darki
920679,[BIG] | Kurr
728421,Pyro
929825,smol | Joey
931076,DoplerWim
942126,a17yearold
582140,HurricaneCC
157077,SS | Jolt
942106,[BIG] Bluu
421875,Sawstep
948183,RedArchery
946662,BlackLotusGaming
51176,SBU | Geo
633099,PoH | Kizaru
948275,XANAA
835572,joey
54119,MBP | spakfuls
241016,Yeesh
866548,Fitts
494940,Ghostgodzilla
875683,David
994391,Jagriff
880718,Statsdotzip
996316,Scootus
997004,Cubluf
544157,Kgame
953785,Woofies
67645,Cinderella
181153,Z~ | Starz
662387,chungus | swami
1165901,FastDragoon
245038,Puff n' Stuff
862040,CCHarry
875630,J8dicipl8C
1011138,[BIG] Vee
952006,Aaron
1052158,SUPER | Mew
804769,PkKirby
498877,Atsushi
963723,AFTA | Xeno
54190,Cedge
272433,Lil Beef
802226,Heroboy
13811,805 | Krusty Kurt
1047209,CLE | DUFFMAN
536060,Couch
47757,Jucchan
31632,NGG | Nezergy
62918,Tecmo
23052,LH | Arkistor
39610,YV WC | Joeybeta
7783,Handy Man
55329,Nightshade
29886,USC | Dynomyte
157139,Spyker
981358,Nintendart
1085661,Statsdotzip
979758,red boo | communism
1083699,Pepper Fox
1039897,Pito
1107203,evan
1122256,King Costanza
1112712,DIC
803914,Bad Joe
1152788,YT/AmIMacman
1153395,Benny Burrito
1153582,MoRiri
1124422,Best Matt
1146477,Zlo_One
1141563,LordByren
1151317,Toasted
280075,KunaiMason
830764,Crispy Jr
1153236,Saeed
1153751,Meerbs
872252,MOZARTCARL
1150331,fartz
1143680,ChemaUG
366839,ZSoul
1146466,Koza_Dereza
890724,DeCoredge
809201,calvin
1233045,[MGFC] [CPE] | 5-Tool MD-MBA
1218399,Williurms
1217895,NaXoR-arg
1227311,Dal√©